Pages les plus populaires,Clics,Impressions,CTR,Position
https://eversportzone.com/chaussures-padel/,263,5646,4.66%,14.95
https://eversportzone.com/raquette-padel/,185,7828,2.36%,16.31
https://eversportzone.com/tournoi-padel-p100/,155,13689,1.13%,9.56
https://eversportzone.com/padel-92/,139,2902,4.79%,10.76
https://eversportzone.com/sac-padel/,125,2106,5.94%,14.87
https://eversportzone.com/changer-dragonne-raquette-padel/,112,2548,4.4%,6.76
https://eversportzone.com/test-chaussures-padel-nox-at10-lux/,103,1701,6.06%,12.61
https://eversportzone.com/pressurisateur-de-balle-padel/,91,2499,3.64%,12.82
https://eversportzone.com/padel-marseille/,74,4233,1.75%,13.12
https://eversportzone.com/test-raquette-padel-adidas-metalbone-3-4-ctrl/,74,1509,4.9%,9.88
https://eversportzone.com/tournois-padel-p25/,58,4162,1.39%,14.52
https://eversportzone.com/test-chassures-padel-kuikma-ps-pro/,58,2150,2.7%,7.87
https://eversportzone.com/padel-montreal/,55,2950,1.86%,8.84
https://eversportzone.com/tournoi-padel-p250/,54,11212,0.48%,11.45
https://eversportzone.com/test-chaussures-padel-asics-gel-challenger-14/,50,1185,4.22%,7.77
https://eversportzone.com/tenir-raquette-padel/,45,2502,1.8%,8.09
https://eversportzone.com/reussir-par-4-padel/,43,2670,1.61%,7.81
https://eversportzone.com/reussir-par-3-padel/,40,1444,2.77%,6.72
https://eversportzone.com/balles-padel/,30,1201,2.5%,22.09
https://eversportzone.com/test-chaussures-padel-head-motion-pro/,28,1048,2.67%,13.73
https://eversportzone.com/test-raquette-padel-head-extreme-pro-2024/,28,660,4.24%,9.5
https://eversportzone.com/test-dreampadel-match-carbon-2-0-2025/,28,437,6.41%,5.54
https://eversportzone.com/padel-95/,25,1371,1.82%,10.41
https://eversportzone.com/test-chaussures-padel-joma-slam/,23,545,4.22%,8.69
https://eversportzone.com/test-chaussures-padel-asics-gel-game-9-reborn/,19,782,2.43%,10.34
https://eversportzone.com/padel-360/,19,369,5.15%,6.33
https://eversportzone.com/test-chaussures-padel-kuikma-ps-pro/,18,555,3.24%,7.3
https://eversportzone.com/tournoi-padel-p1500/,17,2816,0.6%,7.77
https://eversportzone.com/kuikma-vs-head-raquette-padel-debutant/,17,447,3.8%,8.08
https://eversportzone.com/test-raquette-bullpadel-hack-03-2024/,17,430,3.95%,11.22
https://eversportzone.com/tournoi-padel-p1000/,16,2842,0.56%,11.08
https://eversportzone.com/test-chaussures-padel-babolat-jet-premura-ii/,16,602,2.66%,11.95
https://eversportzone.com/padel-vs-badminton/,15,830,1.81%,8.27
https://eversportzone.com/,15,211,7.11%,9.49
https://eversportzone.com/tournoi-padel-p2000/,13,2402,0.54%,8.09
https://eversportzone.com/tournoi-padel-p500/,12,8348,0.14%,7.04
https://eversportzone.com/padel-paris/,12,1003,1.2%,23.52
https://eversportzone.com/raquette-padel-fibre-de-verre-ou-carbone/,12,621,1.93%,8.59
https://eversportzone.com/monter-filet-padel/,12,269,4.46%,6.01
https://eversportzone.com/padel-nimes/,11,863,1.27%,11.15
https://eversportzone.com/eviter-fautes-courantes-padel/,10,209,4.78%,9.79
https://eversportzone.com/padel-perte-de-poids-combie-calories-brulees/,7,1813,0.39%,9.21
https://eversportzone.com/padel-1-vs-1/,7,1805,0.39%,11.51
https://eversportzone.com/servir-padel/,7,641,1.09%,23.9
https://eversportzone.com/foam-ou-eva-quelle-mousse-choisir-raquette-padel/,7,561,1.25%,13.54
https://eversportzone.com/effets-padel/,7,350,2%,8.77
https://eversportzone.com/test-raquette-padel-starvie-drax-pro-touch-2025/,7,291,2.41%,8.45
https://eversportzone.com/nettoyer-raquette-padel/,7,260,2.69%,8.6
https://eversportzone.com/recuperer-entre-2-matchs-de-padel/,7,162,4.32%,9.32
https://eversportzone.com/blessures-padel/,6,643,0.93%,18.9
https://eversportzone.com/padel-la-rochelle/,6,508,1.18%,17.62
https://eversportzone.com/blessures-prevention-padel/,6,491,1.22%,18.23
https://eversportzone.com/le-padel-en-chiffres/,6,431,1.39%,9.27
https://eversportzone.com/padel-indoor-vs-padel-outdoor/,6,198,3.03%,25.55
https://eversportzone.com/maitriser-drive-au-padel/,6,80,7.5%,6.71
https://eversportzone.com/dragonne-padel/,5,390,1.28%,14.73
https://eversportzone.com/test-chaussures-padel-asics-gel-9-clay/,5,176,2.84%,10.31
https://eversportzone.com/padel-toulouse/,4,1307,0.31%,17.24
https://eversportzone.com/padel-lyon/,4,1227,0.33%,48.66
https://eversportzone.com/juan-lebron-padel/,4,871,0.46%,11.55
https://eversportzone.com/marta-ortega-padel/,4,845,0.47%,11.26
https://eversportzone.com/choisir-partenaire-padel/,4,291,1.37%,19.67
https://eversportzone.com/tactique-padel-construire-point/,4,220,1.82%,18.47
https://eversportzone.com/maitriser-service-pickleball/,4,213,1.88%,22.39
https://eversportzone.com/coup-droit-au-padel/,4,210,1.9%,25.54
https://eversportzone.com/bea-gonzalez-joueuse-padel/,3,478,0.63%,10.61
https://eversportzone.com/jouer-avec-vitres-padel/,3,291,1.03%,9.54
https://eversportzone.com/lexique-padel/,3,230,1.3%,10.77
https://eversportzone.com/bandeja-vibora-padel/,3,177,1.69%,10.32
https://eversportzone.com/padel-nutrition-et-hydratation-pour-performer/,3,158,1.9%,10.35
https://eversportzone.com/padel-et-psychologie-comment-gerer-pression/,3,126,2.38%,17.54
https://eversportzone.com/tennis-elbow-padel-raquette/,3,99,3.03%,12.94
https://eversportzone.com/niveaux-padel-classement-padel/,2,1678,0.12%,50.16
https://eversportzone.com/padel-nantes/,2,859,0.23%,17.78
https://eversportzone.com/padel-montpellier/,2,653,0.31%,33.09
https://eversportzone.com/terrain-de-padel/,2,433,0.46%,36.02
https://eversportzone.com/paula-josemaria-padel/,2,389,0.51%,11.35
https://eversportzone.com/padel-angers/,2,356,0.56%,20.41
https://eversportzone.com/padel-porto-vecchio/,2,240,0.83%,12.57
https://eversportzone.com/lob-padel/,2,144,1.39%,10.71
https://eversportzone.com/padel-seduit-generation-z/,2,43,4.65%,9.79
https://eversportzone.com/fernando-belasteguin-padel/,1,656,0.15%,10.32
https://eversportzone.com/regles-du-padel/,1,456,0.22%,64.03
https://eversportzone.com/padel-saint-lo/,1,392,0.26%,12.39
https://eversportzone.com/quand-changer-raquette-padel/,1,290,0.34%,10
https://eversportzone.com/coups-padel/,1,174,0.57%,14.61
https://eversportzone.com/techniques-base-padel/,1,160,0.62%,42.02
https://eversportzone.com/tests-dequipements/,1,146,0.68%,22.47
https://eversportzone.com/coups-essentiels-padel-debuter/,1,109,0.92%,31.98
https://eversportzone.com/guide-des-tournois-de-padel-du-niveau-amateur-aux-competitions-internationales/,1,83,1.2%,8.12
https://eversportzone.com/a-propos/,1,59,1.69%,9.32
https://eversportzone.com/padel-bordeaux/,1,41,2.44%,9.29
https://eversportzone.com/fautes-de-regles-au-padel/,1,40,2.5%,12.1
https://eversportzone.com/chaussures-padel-comment-choisir/,1,29,3.45%,23.72
https://eversportzone.com/agustin-tapia-joueur-padel/,0,2204,0%,11.84
https://eversportzone.com/arturo-coello-joueur-padel/,0,1348,0%,12.82
https://eversportzone.com/padel-nancy/,0,289,0%,17.43
https://eversportzone.com/organisation-tournoi-padel/,0,283,0%,23.39
https://eversportzone.com/quelle-forme-raquette-padel-choisir/,0,263,0%,51.35
https://eversportzone.com/qu-est-ce-que-le-padel/,0,241,0%,55.8
https://eversportzone.com/raquette-padel-babolat-technical-viper-juan-lebron-2024/,0,223,0%,11.83
https://eversportzone.com/padel-vs-pickleball/,0,216,0%,19.05
https://eversportzone.com/comment-progresser-padel/,0,213,0%,31.4
https://eversportzone.com/prepa-mentale-padel/,0,210,0%,10.16
https://eversportzone.com/histoire-padel/,0,210,0%,47.45
https://eversportzone.com/pablo-lima-padel/,0,135,0%,10.63
https://eversportzone.com/echauffement-padel/,0,97,0%,17.9
https://eversportzone.com/positionnement-terrain-padel/,0,93,0%,23.42
https://eversportzone.com/padel-cest-quoi/,0,93,0%,60.19
https://eversportzone.com/choisir-balles-padel-guide/,0,81,0%,13.6
https://eversportzone.com/blog/,0,76,0%,14.14
https://eversportzone.com/padel-rochefort/,0,52,0%,18.6
https://eversportzone.com/defense-padel-vitre/,0,44,0%,11.27
https://eversportzone.com/techniques-padel/,0,35,0%,24.86
https://eversportzone.com/padel-fauteuil/,0,34,0%,11.76
https://eversportzone.com/category/comparatif/,0,27,0%,34.3
https://eversportzone.com/construire-entretenir-terrain-padel/,0,27,0%,36.15
https://eversportzone.com/contact/,0,25,0%,4.12
https://eversportzone.com/category/tests-dequipements/,0,25,0%,16.36
https://eversportzone.com/progresse-au-padel-en-30-jours-programme-pdf-complet/,0,22,0%,7.27
https://eversportzone.com/actualites/,0,21,0%,8.19
https://eversportzone.com/decouverte-padel/,0,21,0%,17.19
https://eversportzone.com/comparatif/,0,17,0%,18.06
https://eversportzone.com/padel-tout-le-monde-sy-met/,0,17,0%,20
https://eversportzone.com/mentions-legales/,0,16,0%,16.69
https://eversportzone.com/les-joueurs-de-padel/,0,16,0%,38.75
https://eversportzone.com/category/guides/,0,16,0%,48.62
https://eversportzone.com/padel-versus-tennis-une-comparaison-approfondie/,0,12,0%,13.42
https://eversportzone.com/conditions-generales/,0,8,0%,15
https://eversportzone.com/guides/,0,6,0%,5.33
https://eversportzone.com/ou-jouer-padel/,0,6,0%,23.67
https://eversportzone.com/category/les-joueurs-de-padel/,0,5,0%,50.6
https://eversportzone.com/category/ou-jouer-padel/,0,3,0%,2.33
https://eversportzone.com/wp-content/uploads/2024/07/Les-raquettes-de-Padel-le-top-13.png,0,3,0%,21
https://eversportzone.com/category/guides/page/2/,0,3,0%,32.33
https://eversportzone.com/partenariats/,0,2,0%,3
https://eversportzone.com/wp-content/uploads/2024/07/meilleure-chaussure-Padel-bis.webp,0,1,0%,4
https://eversportzone.com/quiz-quel-est-ton-niveau-de-padel/,0,1,0%,9
https://eversportzone.com/wp-content/uploads/2024/07/Le-PADEL-cest-quoi-1-1-e1720535008700.png,0,1,0%,14
https://eversportzone.com/wp-content/uploads/2024/07/Babolat-Homme-Jet-Premura-2-1280x581.jpg,0,1,0%,15
https://eversportzone.com/wp-content/uploads/2024/07/Asics-Gel-Resolution-9-Clay-1-960x720.webp,0,1,0%,18
https://eversportzone.com/wp-content/uploads/2024/07/Asics-Gel-Game-9-720x720.jpg,0,1,0%,19
https://eversportzone.com/wp-content/uploads/2024/10/Lexique-Padel-.webp,0,1,0%,19
https://eversportzone.com/wp-content/uploads/2024/07/comparatif-balles-padel.webp,0,1,0%,21
https://eversportzone.com/wp-content/uploads/2025/06/Techniques-de-base-au-padel-gu.jpg,0,1,0%,22
https://eversportzone.com/wp-content/uploads/2024/07/Padel-vs-badminton-article-2-1080x720.jpg,0,1,0%,24
https://eversportzone.com/wp-content/uploads/2024/07/Sac-de-padel-isotherme-46L-Kuikma-PL-Elite-720x720.webp,0,1,0%,26
https://eversportzone.com/wp-content/uploads/2024/07/HEAD-Motion-Pro-Boa.jpg,0,1,0%,28
https://eversportzone.com/wp-content/uploads/2024/12/image-1.png,0,1,0%,29
https://eversportzone.com/wp-content/uploads/2024/07/Babolat-PALETERO-RH-Pro-Padel-Juan-LEBRON-2025.jpg,0,1,0%,30
https://eversportzone.com/wp-content/uploads/2025/03/Bea-Gonzales-joueuse-Padel.jpg,0,1,0%,31
https://eversportzone.com/guides/page/2/,0,1,0%,66