Requêtes les plus fréquentes,Clics,Impressions,CTR,Position
padel 92,45,1050,4.29%,5.05
par 3 padel,25,583,4.29%,7.53
p100 padel,23,1571,1.46%,7.72
pressurisateur balle padel,19,608,3.12%,18.45
nox at10 lux avis,16,58,27.59%,2.43
meilleur sac padel,15,140,10.71%,22.28
paddle 92,13,163,7.98%,3.94
meilleur chaussure padel 2026,11,114,9.65%,13.41
padel laval,10,346,2.89%,8.82
meilleur chaussure padel homme,9,82,10.98%,9.91
meilleur sac de padel,7,251,2.79%,22.53
meilleur raquette padel 2026,7,128,5.47%,8.96
meilleure chaussure padel homme,7,85,8.24%,11.66
padel hauts de seine,7,75,9.33%,4.36
changer dragonne raquette padel head,7,63,11.11%,4.62
par 4 padel,6,659,0.91%,7.62
meilleur pressurisateur balle padel,6,521,1.15%,16.63
nox at10 lux,6,230,2.61%,10.54
meilleure raquette padel 2026,6,169,3.55%,11.12
top raquette padel 2026,6,83,7.23%,7.63
padel 95,5,497,1.01%,9.59
comment tenir sa raquette de padel,5,346,1.45%,7.77
padel 1v1 marseille,5,181,2.76%,6.75
niveau tournoi padel p100,5,92,5.43%,4.99
terrain padel 92,5,41,12.2%,5.29
meilleur balle de padel 2025,5,36,13.89%,4.33
meilleur chaussure padel,4,386,1.04%,15.05
niveau p100 padel,4,280,1.43%,4.88
padel longueuil,4,265,1.51%,7.59
p100 padel niveau,4,150,2.67%,5.71
kuikma ps pro,4,145,2.76%,6.11
padel par 3,4,107,3.74%,6
meilleure chaussure padel,4,80,5%,15
360 padel,4,77,5.19%,9.99
sac padel,4,76,5.26%,29.08
dreampadel match carbon,4,73,5.48%,6.9
tournoi padel p100 niveau,4,66,6.06%,4.38
meilleure raquette de padel 2026,4,41,9.76%,10.44
padel dans le 95,4,34,11.76%,9.56
marta ortega,3,408,0.74%,9.67
changer dragonne raquette padel,3,175,1.71%,9.44
comment tenir raquette padel,3,172,1.74%,7.9
padel montreal,3,171,1.75%,13.24
comparatif raquette padel,3,129,2.33%,15.33
padel marseille,3,123,2.44%,20.01
meilleures chaussures padel homme,3,62,4.84%,13.23
joma slam padel,3,59,5.08%,7.56
meilleur chaussure de padel 2025,3,41,7.32%,7.78
dreampadel match carbon 18k 2025,3,40,7.5%,6.47
meilleur chaussure de padel,3,28,10.71%,8.93
club padel 92,3,24,12.5%,4.42
meilleures raquettes padel 2026,3,24,12.5%,8.71
comparateur de raquette padel,3,15,20%,11.67
p250 padel,2,941,0.21%,9.96
points p500 padel,2,654,0.31%,7.37
niveau padel,2,336,0.6%,47.17
meilleure raquette padel,2,305,0.66%,26.86
p25 padel,2,292,0.68%,23.43
head extreme pro 2024,2,193,1.04%,9.33
niveau padel p100,2,164,1.22%,5.46
sac de padel,2,136,1.47%,36.65
prise raquette padel,2,131,1.53%,9.55
kuikma padel chaussures,2,110,1.82%,8.02
chaussure padel kuikma,2,106,1.89%,8.53
asics gel challenger 14 padel,2,94,2.13%,8.54
asics gel challenger 14,2,90,2.22%,14.49
chaussure padel,2,87,2.3%,57.4
changer dragonne raquette padel adidas,2,86,2.33%,7.8
asics gel-game 9 homme,2,84,2.38%,8.82
tenir raquette padel,2,83,2.41%,8.4
padel p100 niveau,2,79,2.53%,5.2
raquette padel 2026,2,72,2.78%,17.81
asics gel-challenger 14 padel,2,71,2.82%,7.42
pressurisateur balle padel avis,2,71,2.82%,8.24
regle padel 1v1,2,69,2.9%,8.67
lob padel,2,46,4.35%,10.57
points p2000 padel,2,44,4.55%,1.16
padel rive sud,2,44,4.55%,9.48
gel challenger 14,2,42,4.76%,11.93
difference vibora bandeja,2,38,5.26%,8.29
niveau p100,2,36,5.56%,3.81
adidas metalbone carbon ctrl 3.4,2,36,5.56%,9.64
meilleures chaussures padel,2,30,6.67%,10.73
meilleure chaussure de padel,2,29,6.9%,11.17
esprit padel shop,2,25,8%,4.52
meilleur raquette de padel 2026,2,25,8%,6.72
padel prise de raquette,2,25,8%,9.6
abonnement padel,2,16,12.5%,20.56
drive padel,2,11,18.18%,3
dragonne raquette padel head,2,9,22.22%,7.22
comment changer dragonne raquette padel,2,8,25%,2.88
pressurisateur balle padel decathlon,2,7,28.57%,3
meilleure raquette padel polyvalente 2026,2,7,28.57%,7.43
quelle chaussure pour padel,2,4,50%,15.25
meilleur chaussure de padel homme,2,3,66.67%,5
sac padel wilson,2,3,66.67%,8
padel par4,2,3,66.67%,11.33
head motion pro padel review,2,2,100%,4.5
p500 points,1,1564,0.06%,4.48
p2000 points,1,439,0.23%,5.15
p1500 points,1,426,0.23%,6.5
p100,1,418,0.24%,10.46
padel par 4,1,366,0.27%,17.52
meilleures chaussures de padel,1,304,0.33%,14.4
p1500 padel,1,254,0.39%,6.39
asics gel game 9,1,243,0.41%,11.37
comparateur raquette padel,1,230,0.43%,24.55
babolat jet premura 2,1,218,0.46%,13.06
belasteguin,1,212,0.47%,9.68
p1000 padel,1,202,0.5%,15.57
padel p2000 points,1,193,0.52%,6.49
meilleure raquette de padel,1,155,0.65%,25.15
points p2000,1,150,0.67%,2.57
point p2000,1,146,0.68%,3.3
meilleur raquette padel,1,137,0.73%,26.94
paddle 1 vs 1,1,114,0.88%,8.32
point p250 padel 2026,1,99,1.01%,8.25
sacs de padel,1,86,1.16%,31.47
padel 1v1,1,85,1.18%,11.65
dragonne padel,1,83,1.2%,31.23
tenir sa raquette de padel,1,82,1.22%,8.43
le padel fait il maigrir,1,82,1.22%,8.65
noeud raquette padel,1,78,1.28%,8.24
tournoi p25 padel,1,76,1.32%,31.66
chaussure kuikma padel,1,70,1.43%,9.06
gel challenger 14 padel,1,68,1.47%,7.9
bien tenir sa raquette de padel,1,65,1.54%,6.95
adidas metalbone ctrl 3.4,1,61,1.64%,10.34
classement padel,1,59,1.69%,3.88
padel 95 tarif,1,59,1.69%,9.05
kuikma chaussure padel,1,58,1.72%,8.12
padel haut de nimes,1,57,1.75%,11.79
tournoi p100 padel niveau,1,54,1.85%,4.85
head motion pro,1,54,1.85%,11.67
kuikma ps stab,1,53,1.89%,7.58
calorie padel,1,53,1.89%,11.62
meilleures raquettes de padel,1,52,1.92%,27.71
sac padel kuikma 500,1,51,1.96%,8.61
asics gel game 9 padel,1,49,2.04%,12.92
tournoi p100,1,48,2.08%,6.27
chaussures kuikma,1,48,2.08%,8.17
paddle 95,1,47,2.13%,9.85
padel sport montreal,1,45,2.22%,13.89
padel smash par 4,1,40,2.5%,7.92
raquette padel carbone ou fibre de verre,1,39,2.56%,5.72
prise en main raquette padel,1,39,2.56%,7.21
kuikma ps pro v2,1,39,2.56%,8.67
meilleur balle de padel,1,39,2.56%,17.13
lebron padel age,1,36,2.78%,7.75
padel nantes,1,35,2.86%,45.2
p250 padel niveau,1,33,3.03%,7.33
tournoi padel p250,1,31,3.23%,8.65
chaussures de padel homme,1,31,3.23%,48
padel par 3 par 4,1,29,3.45%,7.17
p 100,1,29,3.45%,8.76
kopa padel montreal,1,29,3.45%,9.31
gel game 9,1,28,3.57%,8.39
meilleur chaussures padel homme,1,28,3.57%,8.93
sac padel homme,1,28,3.57%,24.21
padel 1vs1 marseille,1,27,3.7%,4.81
prix padel,1,27,3.7%,5.74
kuikma,1,27,3.7%,7
meilleures chaussures de padel 2026,1,27,3.7%,8.37
asics challenger 14 padel,1,27,3.7%,8.74
padel couvert marseille,1,27,3.7%,10.33
dreampadel,1,26,3.85%,5.81
padel drive,1,26,3.85%,5.81
gel game 9 padel,1,25,4%,7.6
terrain padel 1vs1,1,24,4.17%,10.38
badminton padel,1,22,4.55%,11.45
head graphene 360+ alpha touch 2025,1,21,4.76%,9
basket padel homme,1,21,4.76%,35.14
par 3 au padel,1,20,5%,3.35
meilleur raquette padel 2025,1,20,5%,9.3
meilleures balles de padel,1,20,5%,12.6
terrain padel marseille,1,20,5%,22.8
babolat jet premura 2 avis,1,19,5.26%,2.68
kuikma ps 590,1,18,5.56%,8.89
sac raquette padel,1,17,5.88%,29.65
padel classement,1,15,6.67%,3.93
dreampadel match carbon 18k 2026,1,15,6.67%,6.4
meilleure raquette padel qualité-prix,1,15,6.67%,21.53
quel niveau pour un p100 padel,1,14,7.14%,3.29
padel a marseille,1,13,7.69%,10.23
kopa padel,1,13,7.69%,11.77
nox chaussures at10 lux,1,13,7.69%,16
pressuriseur balle padel,1,13,7.69%,25.23
meilleur chaussure padel 2025,1,12,8.33%,8.17
meilleurs chaussures de padel,1,12,8.33%,8.5
prise continentale padel,1,12,8.33%,8.67
comparatif chaussure padel,1,11,9.09%,8.09
terrain 1v1 padel,1,11,9.09%,8.18
club padel paris,1,11,9.09%,43.36
starvie drax pro touch,1,10,10%,7
padel tennis montreal,1,10,10%,7.6
joma padel slam,1,10,10%,8.8
dreampadel match carbon 2.0,1,9,11.11%,3.22
sac padel 2 raquettes,1,8,12.5%,14.62
padel pontoise,1,8,12.5%,18.75
classement padel comment ca marche,1,7,14.29%,2
compter les points au padel,1,7,14.29%,2.14
padel head extreme pro 2024,1,7,14.29%,8.14
gel game 9 asics,1,7,14.29%,10.57
tournois padel p25,1,7,14.29%,15.43
meilleurs raquette padel,1,7,14.29%,18.29
comment fonctionne le classement au padel,1,6,16.67%,2.17
comparatif raquette de padel,1,6,16.67%,8.83
connaitre son niveau au padel,1,5,20%,1.8
head extreme pro ltd 2024,1,5,20%,8.6
metalbone control 3.4,1,5,20%,8.8
meilleur raquette padel intermédiaire,1,5,20%,14
seance padel prix,1,4,25%,2
classement padel par nom,1,4,25%,5
top 10 raquette padel 2025,1,4,25%,13.25
classement niveau padel,1,4,25%,17
classement padel fonctionnement,1,3,33.33%,2
pression balle de padel,1,3,33.33%,2
chaussures padel intersport,1,3,33.33%,2.67
meilleur chaussure de padel 2026,1,3,33.33%,7.67
padel lyon 5,1,3,33.33%,9.67
babolat jet premura 2 padel,1,3,33.33%,12.33
chaussures padel decathlon,1,3,33.33%,22.67
p25 padel classement,1,2,50%,1.5
sac padel intersport,1,2,50%,3
tournoi padel p25 marseille,1,2,50%,6.5
prix padel paris,1,2,50%,10.5
babolat jet premura 2 review,1,2,50%,21
raquette padel meilleur rapport qualité prix,1,2,50%,27.5
point padel classement,1,1,100%,2
quelles chaussures pour le padel,1,1,100%,2
chaussure padel homme intersport,1,1,100%,3
match dreampadel,1,1,100%,3
babolat sac padel,1,1,100%,4
padel pressurisateur,1,1,100%,4
chaussure padel homme confortable,1,1,100%,5
chaussure padel nike,1,1,100%,5
pressurisateur head,1,1,100%,5
sac padel babolat decathlon,1,1,100%,5
sac pasel,1,1,100%,5
surpresseur balle padel,1,1,100%,5
asics gel-challenger,1,1,100%,6
compresseur balles padel,1,1,100%,6
classement padel point,1,1,100%,8
gel-challenger 15 asics,1,1,100%,8
padel drome,1,1,100%,8
sac de padel nox,1,1,100%,8
meilleure raquette de padel pour joueur intermediaire,1,1,100%,9
padelsport,1,1,100%,11
padel tennis elbow,1,1,100%,13
sac padel babolat rh perf,1,1,100%,14
adidas metalbone 3.4 2025 avis,1,1,100%,18
cours padel angers,1,1,100%,18
nox at10 lux padel shoes,1,1,100%,23
test kuikma control pro,1,1,100%,32
p250 points,0,1390,0%,10.47
point p250,0,858,0%,10.78
point p500,0,768,0%,6.4
points p500,0,755,0%,4.6
point p500 padel,0,722,0%,8.29
p500 padel,0,679,0%,7.21
p1000 points,0,474,0%,13.64
padel club,0,391,0%,10.16
p25 points,0,390,0%,16.81
blessure padel,0,374,0%,32.51
points p250 padel,0,368,0%,10.47
points p250,0,356,0%,12.53
padel saint martin du touch,0,346,0%,8.38
padel p100,0,332,0%,7.41
p2000 padel,0,319,0%,11.17
p100 points,0,297,0%,26.95
p250,0,291,0%,12.35
tapia taille,0,288,0%,8.08
p2000,0,276,0%,14.01
tapia padel,0,264,0%,13.8
p1500,0,263,0%,9.83
point p25,0,261,0%,20.46
p25,0,256,0%,17.22
meilleure raquette padel 2025,0,253,0%,22.39
chaussure padel head,0,248,0%,16.48
p500,0,243,0%,16.78
point p250 padel,0,240,0%,10.49
padel p1500 points,0,235,0%,8.49
forme raquette padel,0,234,0%,53.54
repartition p250,0,223,0%,10.17
tapia,0,223,0%,17.65
point p100,0,223,0%,26.17
head motion pro padel,0,209,0%,12.54
taille tapia,0,206,0%,7.71
p250 point,0,203,0%,9.72
point p1500,0,193,0%,5.2
coello taille,0,193,0%,9.19
points p25,0,193,0%,19.99
padel p1000 points,0,188,0%,9.51
padel vs badminton,0,187,0%,11.68
p500 points padel,0,186,0%,9.69
points p25 padel,0,185,0%,16.32
chaussures padel nox,0,180,0%,29.93
point p1000,0,179,0%,19.32
niveaux padel,0,177,0%,56.62
padel lyon,0,174,0%,67.13
padel lyon indoor,0,172,0%,35.76
agustin tapia,0,170,0%,19.38
points p100,0,169,0%,25.83
p250 points 2026,0,167,0%,9.01
point p100 padel,0,166,0%,16.47
arturo coello taille,0,165,0%,8.87
point p1000 padel,0,163,0%,9.04
point padel p500,0,162,0%,8.95
club padel montreal,0,162,0%,9.27
paddle montpellier,0,162,0%,76.46
fernando belasteguín,0,159,0%,11.24
basket padel,0,158,0%,45.68
point padel p100,0,157,0%,15.88
terrain padel lyon,0,157,0%,48.06
points p1000 padel,0,155,0%,12.79
meilleure raquette padel femme,0,155,0%,26.41
terrain de padel,0,152,0%,23.28
balle de padel,0,150,0%,62.37
durabilité mousse eva,0,146,0%,19.62
club padel lyon,0,146,0%,58.27
progresser au padel,0,144,0%,30.88
p500 point,0,142,0%,6.16
points p100 padel,0,140,0%,21.03
agustín tapia,0,139,0%,16.38
juan lebrón,0,137,0%,12.74
bareme p250,0,136,0%,35.88
points padel p100,0,135,0%,28.33
points p1500,0,133,0%,4.77
meilleure raquette de padel 2025,0,133,0%,19.13
taille coello,0,132,0%,8.72
comment servir au padel,0,131,0%,17.44
bareme p100,0,130,0%,32.27
meilleur raquette de padel,0,129,0%,27.91
tableau p250,0,127,0%,31.46
dimension terrain padel,0,127,0%,45.47
augustin tapia,0,126,0%,18.37
chaussures padel head,0,126,0%,28.15
padel tennis lyon,0,125,0%,53.62
grille niveau padel,0,123,0%,37.21
niveau 3 padel,0,122,0%,40.95
tactique padel,0,121,0%,24.65
chaussures nox,0,119,0%,25.85
tableau p100,0,119,0%,30.04
bareme p25,0,119,0%,55.44
marta ortega padel,0,118,0%,17.27
points p1000,0,118,0%,20.23
coup droit padel,0,116,0%,22.7
padel niveau,0,114,0%,68.42
ever sport,0,112,0%,9.9
point p1500 padel,0,111,0%,2.59
niveau 6 padel,0,111,0%,47.37
niveau au padel,0,108,0%,66.96
meilleure raquette padel polyvalente,0,107,0%,28.02
niveau 4 padel,0,107,0%,41.95
niveau 5 padel,0,106,0%,47.01
niveau de padel,0,106,0%,64.53
padel les accates,0,103,0%,10.73
meilleure raquette padel intermédiaire,0,103,0%,36.14
terrain padel,0,102,0%,13.01
juan lebron,0,100,0%,21.6
guide coups padel,0,100,0%,40.13
comparaison mousses sportives,0,99,0%,14.58
service padel,0,99,0%,42.98
cours padel lyon,0,98,0%,72.77
meilleure raquette padel decathlon,0,97,0%,27.86
rituels mentaux avant match padel,0,96,0%,20.96
comment tenir une raquette de padel,0,95,0%,8.28
padel p250,0,95,0%,9.4
niveaux padel 2025,0,95,0%,46.09
padel paris,0,95,0%,62.89
comment bien tenir sa raquette de padel,0,94,0%,6.97
padel 1 contre 1,0,94,0%,21.24
tournoi p100 padel,0,93,0%,8.19
tournoi padel p25,0,92,0%,39
p250 points padel,0,91,0%,11.2
classement p250,0,90,0%,14.23
point padel p250,0,89,0%,10.11
regle padel,0,89,0%,55.85
paddle 1v1,0,86,0%,8.94
padel origine,0,86,0%,45.33
kuikma chaussure,0,84,0%,7.51
point p100 padel 2026,0,84,0%,9.87
points padel p250,0,83,0%,9.81
faire un par 4,0,81,0%,3.57
comment s'inscrire a un tournoi de padel,0,81,0%,6.2
noeud dragonne padel,0,81,0%,7.72
règle du padel,0,81,0%,68.64
point p25 padel,0,80,0%,13.1
padel 360,0,79,0%,8.27
arthur coello,0,78,0%,4.78
prise de raquette padel,0,78,0%,7.79
laser game saint-lô tarif,0,78,0%,10.81
baskets padel homme,0,78,0%,44.12
terrain padel couvert lyon,0,78,0%,46.78
balle padel,0,78,0%,69.85
chaussure de padel,0,77,0%,59.99
cut p100 padel,0,76,0%,9.24
chaussure nox,0,76,0%,26.93
débuter padel,0,76,0%,45.71
règles padel,0,76,0%,68.3
règle padel,0,76,0%,70.22
p 100 padel,0,75,0%,8.01
padel accates,0,75,0%,11.24
p1000,0,75,0%,44.45
terrain padel dimension,0,74,0%,43.05
bareme p500,0,74,0%,44.69
taille tapia padel,0,73,0%,8.25
meilleures chaussures padel 2026,0,72,0%,10.4
martita ortega,0,72,0%,15.57
adidas metalbone control,0,72,0%,19.21
règles du padel,0,72,0%,71.28
classement p500,0,71,0%,6.79
paula jose maria,0,71,0%,16.66
adidas metalbone ctrl,0,71,0%,17.96
club de padel lyon,0,70,0%,45.54
points p50 padel,0,69,0%,62.64
lebron padel,0,68,0%,23.06
installation terrain de padel nantes,0,68,0%,34.54
padel 1vs1,0,67,0%,12.85
regles service padel,0,67,0%,32.91
chaussures de padel,0,67,0%,58.94
points padel p500,0,66,0%,9.98
comment progresser au padel,0,66,0%,32.83
arturo coello,0,66,0%,50.59
dreampadel match carbon 2.0 2025,0,65,0%,4.43
pickleball vs padel,0,65,0%,24.2
club de padel,0,65,0%,37.66
niveau tournoi padel,0,64,0%,19.89
classement p100,0,64,0%,24.38
chaussure padel homme,0,64,0%,45.75
les accates padel,0,63,0%,8.9
dragonne raquette padel,0,63,0%,31.08
trouver partenaire padel,0,63,0%,42.98
starvie drax pro touch 2025,0,62,0%,10.48
chaussures padel kuikma,0,61,0%,8.72
bea gonzález,0,61,0%,12.75
fernando belasteguin,0,60,0%,11.97
babolat technical viper juan lebron 2024,0,60,0%,14.2
bullpadel hack 03 24,0,59,0%,13.83
repartition point p250,0,58,0%,10.34
babolat jet premura,0,58,0%,30.62
chaussure kuikma,0,57,0%,9.63
taille coello padel,0,56,0%,9.62
tournoi p2000 padel,0,55,0%,13.89
positionnement padel,0,55,0%,26.73
terrain padel 1 contre 1 marseille,0,54,0%,6.8
padel savenay,0,54,0%,11.19
paula josemaría,0,54,0%,11.7
padel outdoor,0,54,0%,36.48
dimension terrain padel simple,0,54,0%,43.02
bareme p1000,0,54,0%,45.83
padel p500,0,53,0%,4.6
padel p2000,0,53,0%,9.94
meilleurs sacs pour padel tennis,0,53,0%,11.19
padel indoor,0,53,0%,34.68
padel toulouse,0,53,0%,57.28
que veut dire p100 au padel,0,51,0%,3.59
par 3 par 4 padel,0,51,0%,7.84
pablo lima,0,51,0%,9.1
service au padel,0,51,0%,33.8
point p2000 padel,0,50,0%,1.08
point p250 2026,0,50,0%,9
limite classement p250,0,49,0%,8.94
paddle nancy,0,49,0%,14.18
regle service padel,0,49,0%,40.2
raquette padel fibre de verre ou carbone,0,48,0%,6.27
terrain padel 1 contre 1,0,48,0%,8.9
repartition point p100,0,48,0%,10.08
partenaire padel niveau différent,0,48,0%,11.15
playground angers,0,48,0%,27.12
p 25,0,48,0%,33.77
padel saint lo,0,47,0%,11.3
c'est quoi le padel,0,47,0%,62.6
niveau padel 2025,0,47,0%,64.21
p500 padel points,0,46,0%,8.91
p25 point,0,46,0%,9.98
points p1500 padel,0,45,0%,2.69
niveau p250 padel,0,45,0%,6.71
padel vitre,0,45,0%,8.93
p1000 point,0,45,0%,10.42
duree de vie raquette padel,0,45,0%,18.6
padel nancy,0,44,0%,20.59
terrain de padel provence,0,44,0%,62.34
age coello,0,43,0%,10.07
coups padel,0,43,0%,33.37
raquette padel controle,0,43,0%,44.42
bareme p1500,0,42,0%,1.26
agustín tapia taille,0,42,0%,7.33
comment tenir la raquette de padel,0,42,0%,8.98
nouveau bareme p250,0,42,0%,9.02
nimes padel,0,42,0%,10.5
meilleure chaussure padel femme,0,42,0%,26.98
bullpadel hack 03,0,42,0%,33.07
tournoi p1000 padel,0,41,0%,8
tournoi padel p100,0,41,0%,8.71
1 heure de padel calories,0,41,0%,9.34
classement point p250,0,41,0%,10.37
asics challenger 14,0,41,0%,11.15
meilleure marque raquette padel,0,41,0%,25.41
badminton vs padel,0,40,0%,5.33
gel-challenger 14 padel,0,40,0%,7.3
calories padel,0,40,0%,9.43
taille terrain padel 1vs1,0,40,0%,9.43
padel val d'oise,0,40,0%,9.6
padel porto vecchio,0,40,0%,11.43
test raquette padel,0,40,0%,44.92
coello padel,0,40,0%,53.27
est ce que le padel fait maigrir,0,39,0%,8.1
cut p100,0,39,0%,8.92
accates padel,0,39,0%,9.74
metalbone ctrl 3.4,0,39,0%,10
paula josemaria,0,39,0%,18.87
padel,0,39,0%,19.62
padel angers,0,39,0%,43.85
padel montpellier,0,39,0%,44.46
p 500 padel,0,38,0%,6.11
smash par 4 padel,0,38,0%,7.37
règle padel 1 contre 1,0,38,0%,10.34
padel cergy pontoise,0,38,0%,10.63
histoire du padel,0,38,0%,71.21
1 vs 1,0,37,0%,11.68
juan lebron padel,0,37,0%,13.38
padel prix,0,36,0%,7.25
padel maison de la radio,0,36,0%,8.22
bandeja vibora,0,36,0%,8.61
nombre de points p250,0,36,0%,10.14
organiser un tournoi de padel,0,36,0%,25.19
coello age,0,35,0%,8.86
point padel p1000,0,35,0%,9.91
padel terrain,0,35,0%,15.97
padel castelnau le lez,0,35,0%,20.23
pression balle padel,0,35,0%,25.4
raquette padel,0,35,0%,53.63
comment tenir sa raquette au padel,0,34,0%,6.32
chaussures kuikma padel,0,34,0%,7.24
chaussure padel meilleur amorti,0,34,0%,7.91
points p250 2026,0,34,0%,8.62
p500 point padel,0,34,0%,9.26
repartition points p250,0,34,0%,10.94
chaussures de padel pas cher,0,34,0%,52.47
chaussures padel,0,34,0%,56.47
p100 niveau padel,0,33,0%,5.94
p250 point 2026,0,33,0%,9.15
paddle la rochelle,0,33,0%,85.24
club padel,0,32,0%,20.03
site:eversportzone.com,0,32,0%,21.31
dimension terrain de padel,0,32,0%,53.78
quand changer sa raquette de padel,0,31,0%,17.26
padel 1 vs 1,0,31,0%,37.48
chaussures padel homme,0,31,0%,53.16
asics gel-game 9,0,30,0%,9.5
nox chaussure padel,0,30,0%,10.07
padel vs pickleball,0,30,0%,17.6
meilleur raquette padel goutte d'eau,0,30,0%,33.53
balles de padel,0,30,0%,56.97
raquette padel adulte,0,30,0%,58.47
stratégies de jeu de pickleball,0,30,0%,62.93
classement padel p500,0,29,0%,7.1
head extreme pro 2024 padel,0,29,0%,8.34
points p250 padel 2026,0,29,0%,8.48
point tournoi padel p250,0,29,0%,9.86
padel autour de moi,0,29,0%,10.38
joma slam,0,29,0%,15.07
organiser compétition padel,0,29,0%,24.48
paris padel,0,29,0%,65.41
tournoi p500 padel,0,28,0%,6.89
repartition point p500,0,28,0%,9.5
padel 95 pontoise,0,28,0%,10.32
padel saint herblain,0,28,0%,12.39
choisir balle padel,0,28,0%,29.89
quels sont les meilleures balles en 2026 ?,0,27,0%,8.19
classement p500 padel,0,27,0%,8.63
p1500 lens padel,0,27,0%,9.19
points p250 16 equipes,0,27,0%,10.22
five nimes,0,27,0%,12.33
organiser tournoi padel,0,27,0%,17.78
chaussure padel nox,0,27,0%,22.52
bea gonzalez,0,27,0%,29.67
padel tournoi,0,27,0%,54.67
raquettes de padel,0,27,0%,59.48
paddle nantes,0,27,0%,70.89
padel castanet,0,26,0%,8.23
classement padel p250,0,26,0%,8.73
meilleures chaussures de padel homme,0,26,0%,9.65
padel lebron,0,26,0%,9.85
chaussure head padel,0,26,0%,14.54
techniques de pickleball,0,26,0%,43.77
balles padel,0,26,0%,67.77
padel balard,0,25,0%,7.92
tournoi padel p1000,0,25,0%,8.36
basket kuikma,0,25,0%,8.56
point p100 mars 2026,0,25,0%,9.4
raquette padel pro touch,0,25,0%,10.12
point p100 2026,0,25,0%,10.2
classement p250 points,0,25,0%,10.32
terrain padel 1v1,0,25,0%,11.08
p250 padel point,0,25,0%,12.2
bareme p50,0,25,0%,64.32
paddle toulouse,0,25,0%,66.16
joueuse de padel,0,24,0%,4.08
padel niveau p100,0,24,0%,5.58
point tournoi padel p25,0,24,0%,10.17
padel badminton,0,24,0%,20.62
s'inscrire tournoi padel,0,24,0%,27
angers padel,0,24,0%,32.83
raquette padel puissance,0,24,0%,53.58
niveau padel tennis,0,23,0%,5.04
tableau p250 2026,0,23,0%,7.04
taille agustin tapia,0,23,0%,7.22
1h30 de padel calories,0,23,0%,8.87
tapia augustin,0,23,0%,9.65
classement p250 padel,0,23,0%,9.7
avis sur padel 95,0,23,0%,10.57
raquette padel comparatif,0,23,0%,10.61
padel cathcart,0,23,0%,11.22
padel montreal downtown,0,23,0%,14.43
hayes padel avis,0,23,0%,16.48
padel en simple,0,23,0%,19.87
diferencias entre padel indoor y outdoor,0,23,0%,82.35
padel rochefort,0,22,0%,8.82
bullpadel hack 03 2024,0,22,0%,9.05
nouveau tableau p250,0,22,0%,10.36
padel marseille indoor,0,22,0%,13.14
padel saint orens,0,22,0%,15.73
padel p25,0,22,0%,18.05
padel nimes,0,22,0%,22.41
sac de sport padel,0,22,0%,31
padel marseille 13008,0,22,0%,31.05
chaussure de padel homme,0,22,0%,47.41
paddle paris,0,22,0%,76.5
p-100,0,21,0%,1
repartition point p1000,0,21,0%,7
tableau point p250,0,21,0%,9
p1000 points padel,0,21,0%,9.29
p250 bareme,0,21,0%,9.86
bareme points p250,0,21,0%,10.19
raquette padel fibre de verre,0,21,0%,11.1
repartition p100,0,21,0%,11.52
meilleure raquette padel débutant 2026,0,21,0%,12
meilleur marque raquette padel,0,21,0%,20.1
padel marseille 13009,0,21,0%,20.67
organiser tournoi de padel,0,21,0%,25.1
head extreme pro,0,21,0%,58.81
meilleur basket padel homme,0,20,0%,7.4
terrain padel montreal,0,20,0%,8.7
padel p500 points,0,20,0%,10.3
padel p250 points,0,20,0%,10.55
paddle nimes,0,20,0%,13.15
ortega padel,0,20,0%,13.75
padel marseille 13005,0,20,0%,20.85
padel marseille 13011,0,20,0%,22.1
organiser événement padel,0,20,0%,28.95
raquette padel intermédiaire,0,20,0%,53.3
padel c'est quoi,0,20,0%,66.4
p2000 point,0,19,0%,1.63
point padel p250 2026,0,19,0%,8.58
p 2000,0,19,0%,10.68
pickleball padel,0,19,0%,16.68
coups au padel,0,19,0%,17.63
padel castelnau,0,19,0%,20.11
club padel nancy,0,19,0%,23.05
padel quebec,0,19,0%,24.63
meilleur raquette padel diamant,0,19,0%,35.42
qu'est-ce que le padel,0,19,0%,53.58
raquettes padel,0,19,0%,61.26
qu'est ce que le padel,0,19,0%,61.63
padel à paris,0,19,0%,66.21
courts padel paris,0,19,0%,67.84
raquette de padel adulte,0,19,0%,68.95
coello,0,19,0%,69.47
4 padel,0,18,0%,3.33
padel montreal prix,0,18,0%,3.39
tournoi padel,0,18,0%,3.44
juan lebron age,0,18,0%,7.06
classement p1000,0,18,0%,8.11
terrain de padel 1vs1,0,18,0%,8.39
tableau p250 points,0,18,0%,9.06
regle p25 padel,0,18,0%,9.28
nox at 10 lux,0,18,0%,9.61
regle tournoi padel p25,0,18,0%,9.61
p2000 top padel,0,18,0%,9.67
numéro 1 mondial padel femme,0,18,0%,10.39
padel mtl,0,18,0%,10.61
cours de padel,0,18,0%,11.28
terrain padel 1 contre 1 autour de moi,0,18,0%,11.33
point p 250 padel,0,18,0%,11.44
adidas metalbone ctrl 2025,0,18,0%,11.5
preparateur mental padel,0,18,0%,15.89
padel marseille 13006,0,18,0%,16.61
club padel marseille,0,18,0%,23.11
padel marseille 13007,0,18,0%,23.61
padel marseille 13015,0,18,0%,31.06
padel marseille 13016,0,18,0%,31.39
organiser partie padel,0,18,0%,49.06
regles padel,0,18,0%,70.61
cours padel toulouse adulte,0,18,0%,71.28
padel a 4,0,17,0%,7
lebron age padel,0,17,0%,7.71
padel calories,0,17,0%,8.06
joueur padel espagnol,0,17,0%,9.88
location terrain padel,0,17,0%,10.53
padel sport laval,0,17,0%,10.59
padel toulouse prix,0,17,0%,12.47
répartition point p250,0,17,0%,15.65
comparer raquette padel,0,17,0%,15.82
quelle est la meilleure raquette de padel,0,17,0%,17.76
padel marseille 13001,0,17,0%,22.53
complexe padel nancy,0,17,0%,23.76
padel marseille 13004,0,17,0%,25.53
adidas metalbone carbon,0,17,0%,37.41
qu est ce que le padel,0,17,0%,55.65
tournoi de padel,0,17,0%,63.53
padel p250 niveau,0,16,0%,5.06
tournoi p250 padel,0,16,0%,5.56
padel terrain 1vs1,0,16,0%,7.88
p250 classement,0,16,0%,9.81
repartition des points p250,0,16,0%,10.88
chaussure tennis kuikma,0,16,0%,11.75
indoor padel,0,16,0%,16.25
asics gel game,0,16,0%,40.56
histoire padel,0,16,0%,55.12
c est quoi le padel,0,16,0%,57.38
raquette de padel,0,16,0%,62.38
chaussures pour jouer au padel homme,0,16,0%,85.06
dreampadel match,0,15,0%,4
tournoi p250,0,15,0%,7.4
padel st martin du touch,0,15,0%,8.73
point p250 16 equipes,0,15,0%,10.4
point p250 12 equipes,0,15,0%,10.87
belasteguin padel,0,15,0%,11.07
asics gel-challenger 14,0,15,0%,14.07
haut de nimes padel,0,15,0%,21.27
padel lyon 7,0,15,0%,25.4
chaussure padel nox at10,0,15,0%,27.53
padel plan de cuques,0,15,0%,27.67
padel marseille 13010,0,15,0%,28.2
padel marseille 13002,0,15,0%,28.47
organiser match padel,0,15,0%,32.13
padel marseille 13013,0,15,0%,45.27
forest hill aquaboulevard,0,14,0%,3.93
4padel,0,14,0%,4.57
tarif padel,0,14,0%,7.14
p250 points padel 2026,0,14,0%,7.93
age lebron padel,0,14,0%,8.21
lob s,0,14,0%,8.79
padel et badminton,0,14,0%,8.79
difference bandeja et vibora,0,14,0%,9.36
vital padel,0,14,0%,10.43
adidas metalbone control 3.4,0,14,0%,11.21
bea gonzales,0,14,0%,14.36
meilleur raquette padel controle,0,14,0%,19.43
terrain de paddle,0,14,0%,19.64
point padel p25,0,14,0%,19.86
padel carquefou,0,14,0%,25.07
metalbone 3.4,0,14,0%,36.71
sac a dos padel,0,14,0%,39.29
padel marseille 13003,0,14,0%,39.43
point p 100,0,14,0%,44.93
padel meudon,0,14,0%,48.71
padel marseille 13014,0,14,0%,50.07
bea gonzalez taille,0,13,0%,6.46
quelles sont les meilleures balles de padel,0,13,0%,7.62
padel accates marseille,0,13,0%,8.62
p 1500,0,13,0%,8.69
point p 500 padel,0,13,0%,9.54
p100 mixte points,0,13,0%,9.62
terrain paddle,0,13,0%,9.62
meilleures raquettes de padel 2026,0,13,0%,10
classement point p250 padel,0,13,0%,10.23
bareme point p250,0,13,0%,10.54
nouveau bareme p100,0,13,0%,10.62
points p250 12 equipes,0,13,0%,10.92
paddle tennis montreal,0,13,0%,11
1vs1 padel,0,13,0%,11.15
meilleures balles padel,0,13,0%,11.54
nox chaussures,0,13,0%,11.92
pressurisateur balles padel,0,13,0%,16.62
asics gel challenger,0,13,0%,16.69
metalbone control,0,13,0%,17.08
raquette padel test,0,13,0%,39.23
raquette padel niveau intermediaire,0,13,0%,59.62
raquettes padel homme,0,13,0%,62.92
nox padel,0,13,0%,65.85
c'est quoi le padel ?,0,13,0%,74.15
padel marseille 13012,0,13,0%,74.69
par 5 padel,0,12,0%,2
championnat de france de padel 2026,0,12,0%,2.75
championnat de france de padel 2026 resultat,0,12,0%,3.17
dreampadel match carbon 18k,0,12,0%,4.17
par 4 au padel,0,12,0%,5.33
pount p500,0,12,0%,6.25
tournoi padel niveau,0,12,0%,7.33
bullpadel hack 03 comfort 2024,0,12,0%,7.5
asics gel-game 9 padel,0,12,0%,7.67
babolat technical viper lebron 2024,0,12,0%,8.08
le par 4 padel,0,12,0%,8.33
la pala angers tarif,0,12,0%,8.42
babolat technical viper juan lebrón 2024,0,12,0%,9.08
adidas metalbone 3.4 ctrl,0,12,0%,9.75
nox avis,0,12,0%,9.75
p250 points nouveau bareme,0,12,0%,10.08
padel pont de ce,0,12,0%,10.25
tableau point padel p250,0,12,0%,10.5
répartition points p250,0,12,0%,10.75
padeliste paris,0,12,0%,11
boite balle padel pression,0,12,0%,11.58
chaussures tennis kuikma,0,12,0%,12.33
head chaussure padel,0,12,0%,12.75
comparaison raquette padel,0,12,0%,14.5
sac padel pas cher,0,12,0%,15.08
100 padel,0,12,0%,22.17
chaussures de padel babolat jet premura,0,12,0%,38.17
padel raquette control,0,12,0%,56.67
salle de padel,0,12,0%,58.33
padel p1000,0,11,0%,6.45
terrain de padel 1v1,0,11,0%,6.91
bareme p250 2026,0,11,0%,9.27
repartition points p500,0,11,0%,9.36
regle padel filet,0,11,0%,9.73
p 100 point,0,11,0%,10.55
padel calories par heure,0,11,0%,10.91
1v1 padel,0,11,0%,11.27
grand sac de padel,0,11,0%,11.45
paddle pontoise,0,11,0%,11.64
terme padel,0,11,0%,12
sac padel kuikma,0,11,0%,12.27
smash par 3 padel,0,11,0%,12.27
bela padel,0,11,0%,12.73
sac padel isotherme,0,11,0%,13
padel tapia,0,11,0%,15.45
maria ortega,0,11,0%,21.27
club padel grand nancy,0,11,0%,26.73
adidas metalbone 3.4,0,11,0%,26.82
padel la rochelle,0,11,0%,30.36
entretien terrain padel,0,11,0%,32.64
cours de padel toulouse,0,11,0%,48.82
tableau p500,0,11,0%,50.91
c'est quoi le padel comme sport,0,11,0%,64.45
comment on compte les points au padel,0,10,0%,2
comment bien tenir sa raquette de psdel,0,10,0%,4
avis pressurisateur balle padel,0,10,0%,5
classement p100 padel,0,10,0%,7
terrain de padel montreal,0,10,0%,7.1
augustine tapia,0,10,0%,7.7
kuikma 2026,0,10,0%,7.9
les niveaux au padel,0,10,0%,8.5
comment jouer au padel a 4,0,10,0%,8.9
paddle saint martin du touch,0,10,0%,9.2
asics game 9,0,10,0%,9.3
padel max st lo,0,10,0%,9.6
asics padel challenger 14,0,10,0%,9.8
padel energie,0,10,0%,9.8
avis sur casa padel dos,0,10,0%,9.9
douleur avant bras padel,0,10,0%,10.5
classement padel france,0,10,0%,10.7
padel plan,0,10,0%,11
head extreme pro padel,0,10,0%,11.2
padel bouc bel air tarif,0,10,0%,11.2
kuikma pro,0,10,0%,11.3
padel st lo,0,10,0%,11.9
padel montaudran,0,10,0%,15.7
tournoi p25,0,10,0%,15.8
padel lob,0,10,0%,16.5
gel-challenger 14,0,10,0%,17.4
les coups au padel,0,10,0%,18.7
technical viper 2024,0,10,0%,20.3
padel max,0,10,0%,22.5
blessures courantes padel,0,10,0%,23
cours padel,0,10,0%,23.8
adidas metalbone,0,10,0%,31.5
cours de padel marseille,0,10,0%,38
débuter le padel,0,10,0%,59.2
padel paris 16,0,10,0%,59.6
raquette padel homme,0,10,0%,60.6
basket de padel,0,10,0%,64.3
raquette de paddle,0,10,0%,64.5
tableau p50,0,10,0%,82.9
tableau p2000,0,9,0%,1.56
oui,0,9,0%,3.67
joueuse padel femme,0,9,0%,5.89
meilleures marques raquettes padel,0,9,0%,5.89
artur coello,0,9,0%,6.89
durée de vie raquette padel,0,9,0%,7.89
comparateur raquette de padel,0,9,0%,8.22
pressurisateur balle tennis avis,0,9,0%,8.33
padel castanet tolosan,0,9,0%,8.56
padel cergy 95,0,9,0%,8.56
terrain 1vs1 padel,0,9,0%,8.56
technical viper lebron 2024,0,9,0%,8.67
points p250 padel mars 2026,0,9,0%,8.78
p 25 padel,0,9,0%,9.33
comment faire un par 3 au padel,0,9,0%,9.44
head extreme pro test,0,9,0%,9.56
classement p100 2026,0,9,0%,9.78
p100 padel limite classement,0,9,0%,9.78
p250 padel points,0,9,0%,10.11
terrain de padel 1 contre 1,0,9,0%,10.22
babolat premura 2,0,9,0%,10.44
répartition point p100,0,9,0%,10.89
pablo lima padel,0,9,0%,11.11
p250 tableau,0,9,0%,13.22
niveau tournoi padel p25,0,9,0%,14
boite pression balle padel,0,9,0%,14.11
raquette padel fibre de carbone,0,9,0%,16.56
coup padel,0,9,0%,20.33
padel indoor marseille,0,9,0%,20.67
padel nîmes,0,9,0%,24
service au pickleball,0,9,0%,24.89
raquette pour tennis elbow,0,9,0%,32.33
pressurisateur balle tennis,0,9,0%,37.11
terrain padel toulouse,0,9,0%,39.33
padel bocage,0,9,0%,42.78
techniques padel,0,9,0%,46
bounce padel avis,0,9,0%,49.22
choisir chaussure padel,0,9,0%,51.56
chaussure pour padel,0,9,0%,53
padel ile de france,0,9,0%,72.33
p200 padel,0,8,0%,4.12
sac padel babolat,0,8,0%,5.62
prix padel 1h,0,8,0%,6.25
inscription p25 padel,0,8,0%,6.5
douleur talon padel,0,8,0%,6.75
monter au filet,0,8,0%,7.12
niveau p500 padel,0,8,0%,7.88
raquette de padel head extreme pro 2024,0,8,0%,8
chaussure padel avec meilleur amorti,0,8,0%,8.75
raquette de padel 2026,0,8,0%,8.75
p250 limite classement,0,8,0%,8.88
tableau points p250,0,8,0%,8.88
lima padel,0,8,0%,9
arturo coello age,0,8,0%,9.12
babolat viper juan lebron 2024,0,8,0%,9.25
meilleure balle de padel,0,8,0%,9.38
padel heillecourt,0,8,0%,9.5
repartition points p100,0,8,0%,9.62
chaussure padel confortable,0,8,0%,10
padel cles,0,8,0%,10
pount p250,0,8,0%,10.12
point p250 mixte,0,8,0%,10.25
tableau des points p250,0,8,0%,10.5
dragonne padel head,0,8,0%,10.62
bareme p250 points,0,8,0%,10.88
point en p25,0,8,0%,11
adidas metalbone controle,0,8,0%,11.12
p100 grille,0,8,0%,11.12
pressurisateur de balles de padel,0,8,0%,13.5
chaussures nox at10 lux,0,8,0%,14
vocabulaire padel,0,8,0%,14.12
padel brossard,0,8,0%,14.62
chaussures head padel,0,8,0%,15.75
padel nanterre,0,8,0%,18.5
point tournoi padel p100,0,8,0%,22.38
padel interieur,0,8,0%,22.5
coup au padel,0,8,0%,26.25
pressurisateur,0,8,0%,28.62
meilleure raquette padel moins de 100 euros,0,8,0%,29.25
meilleure raquette padel qualité prix,0,8,0%,31.25
meilleur balle padel,0,8,0%,31.5
terrain de padel autour de moi,0,8,0%,32.38
marché du padel,0,8,0%,38.12
comment tenir sa raquette de tennis,0,8,0%,38.5
coups base padel,0,8,0%,42.88
terrain padel paris,0,8,0%,50.25
pressuriseur balle de tennis,0,8,0%,50.75
terrain de padel paris,0,8,0%,51.12
technique padel,0,8,0%,51.5
toulouse padel club,0,8,0%,52.62
qu est-ce que le padel,0,8,0%,54
origine du padel,0,8,0%,55
padel niveau 5,0,8,0%,58.25
jouer au padel,0,8,0%,61.38
paddle lyon,0,8,0%,66.12
padel chaussures,0,8,0%,67.88
1 contre 1,0,8,0%,71.88
raquette de frappe,0,8,0%,80.25
prise marteau padel,0,7,0%,3.14
paddle 360,0,7,0%,3.57
prix seance padel,0,7,0%,4.57
tournoi padel p500,0,7,0%,5.14
niveau tournois padel,0,7,0%,5.43
star vie drax pro touch 2025,0,7,0%,5.71
puntaco traduction,0,7,0%,6.57
padel a 3,0,7,0%,7.57
comment faire un service au pickleball,0,7,0%,7.86
padel defense,0,7,0%,7.86
effet padel,0,7,0%,8.29
padel clib,0,7,0%,8.86
babolat viper lebron 2024,0,7,0%,9.29
bareme points p100,0,7,0%,9.29
p-2000,0,7,0%,9.29
padelchollo,0,7,0%,9.29
nombre de points p250 padel,0,7,0%,9.57
repartition p500,0,7,0%,9.57
raquette padel niveau 4,0,7,0%,9.71
tableau point p250 padel,0,7,0%,9.71
adidas ctrl 3.4,0,7,0%,10
difference padel et pickleball,0,7,0%,10
bea gonzalez age,0,7,0%,10.14
club padel 95,0,7,0%,10.29
padel 95 cergy,0,7,0%,10.29